{
  "tau_roll": 0.5,
  "tau_pitch": 0.5,
  "rate_kp": [
    0.0,
    0.20409320294857025,
    0.14243991672992706
  ],
  "rate_ki": [
    9.0197172164917,
    17.63833236694336,
    16.67875099182129
  ],
  "rate_kd": [
    0.0,
    0.0,
    0.0
  ],
  "speed_kp": 0.5,
  "speed_ki": 0.1,
  "throttle_ff": 0.6,
  "rate_limit": 1.047,
  "integral_limit": 2.0,
  "final_loss": 4.193586826324463
}