{
  "tau_roll": 0.5,
  "tau_pitch": 0.5,
  "rate_kp": [
    0.20000001788139343,
    0.20000001788139343,
    0.20000004768371582
  ],
  "rate_ki": [
    8.083562850952148,
    7.728781223297119,
    7.359711647033691
  ],
  "rate_kd": [
    0.0,
    0.0,
    0.0
  ],
  "speed_kp": 0.5,
  "speed_ki": 0.1,
  "throttle_ff": 0.6,
  "rate_limit": 1.047,
  "integral_limit": 2.0,
  "final_loss": 22.637548446655273
}