{
  "rate_kp": [
    0.14978738129138947,
    0.11895231902599335,
    0.12483891099691391
  ],
  "rate_ki": [
    0.14960694313049316,
    0.13291770219802856,
    0.1426672637462616
  ],
  "rate_ff": [
    0.10789743810892105,
    0.08173536509275436,
    0.08489207923412323
  ],
  "rate_imax": [
    0.20000000298023224,
    0.4000000059604645,
    0.20000000298023224
  ],
  "rate_limit": [
    1.2217304706573486,
    1.0471975803375244,
    0.8726646304130554
  ],
  "airspeed_trim": 20.0,
  "airspeed_scale_min": 0.5,
  "airspeed_scale_max": 2.0,
  "tau_roll": 0.8,
  "tau_pitch": 0.8,
  "coord_turn_gate_lo": 1.2217304706573486,
  "coord_turn_gate_hi": 1.3089969158172607,
  "tecs_alt_p": 0.5,
  "tecs_thr_p": 0.004666666666666666,
  "tecs_thr_i": 0.0033333333333333335,
  "tecs_pitch_p": 0.0071355759429153915,
  "tecs_pitch_i": 0.00509683995922528,
  "tecs_speed_weight": 1.0,
  "tecs_climb_rate_max": 5.0,
  "tecs_sink_rate_max": 2.5,
  "tecs_pitch_min": -0.5235987901687622,
  "tecs_pitch_max": 0.4363323152065277,
  "tecs_vert_accel_max": 7.0,
  "tecs_ste_tc": 0.5,
  "tecs_seb_tc": 0.5,
  "tecs_throttle_trim": 0.6,
  "npfg_period": 1.0,
  "npfg_damping": 0.7,
  "trim_actuators": [
    0.0,
    0.0,
    0.0,
    0.0
  ],
  "slew_rate": [
    1000000.0,
    1000000.0,
    1000000.0,
    1000000.0
  ],
  "throttle_min": 0.0,
  "throttle_max": 1.0
}