{
  "tau_roll": 0.20000000298023224,
  "tau_pitch": 0.20089468359947205,
  "rate_kp": [
    0.6567703485488892,
    0.4338347613811493,
    0.434589684009552
  ],
  "rate_ki": [
    18.501365661621094,
    12.490179061889648,
    13.759176254272461
  ],
  "rate_kd": [
    0.0,
    0.001870643813163042,
    0.0
  ],
  "speed_kp": 0.9723702073097229,
  "speed_ki": 0.09621737897396088,
  "throttle_ff": 0.799568772315979,
  "rate_limit": 1.047,
  "integral_limit": 2.0,
  "final_loss": 23.42884635925293
}